<?xml version="1.0" encoding="utf-8"?>
<Solution Model="SolutionService">
   <Alternative Name="A1" Value="1.0000000000000000e+02"/>
   <Alternative Name="A2" Value="9.1623439128288297e+01"/>
   <Alternative Name="A3" Value="9.4412819047015560e+01"/>
   <Alternative Name="A4" Value="8.6036292565318774e+01"/>
   <Alternative Name="A5" Value="9.3933124725130455e+01"/>
   <Alternative Name="A6" Value="8.5556607245408500e+01"/>
   <Alternative Name="A7" Value="8.8345938119290182e+01"/>
   <Alternative Name="A8" Value="7.9969397984666216e+01"/>
   <Alternative Name="A9" Value="9.4952419901762639e+01"/>
   <Alternative Name="A10" Value="8.6575882994291760e+01"/>
   <Alternative Name="A11" Value="8.9365252601705393e+01"/>
   <Alternative Name="A12" Value="8.0988654427766448e+01"/>
   <Alternative Name="A13" Value="8.8885549285350919e+01"/>
   <Alternative Name="A14" Value="8.0508988413639202e+01"/>
   <Alternative Name="A15" Value="8.3298358021052820e+01"/>
   <Alternative Name="A16" Value="7.4921789464210576e+01"/>
   <Alternative Name="A17" Value="9.4114507746959191e+01"/>
   <Alternative Name="A18" Value="8.5737960528174639e+01"/>
   <Alternative Name="A19" Value="8.8527330135588272e+01"/>
   <Alternative Name="A20" Value="8.0150761578746028e+01"/>
   <Alternative Name="A21" Value="8.8047646125016826e+01"/>
   <Alternative Name="A22" Value="7.9671085253305108e+01"/>
   <Alternative Name="A23" Value="8.2460454860718727e+01"/>
   <Alternative Name="A24" Value="7.4083886303876483e+01"/>
   <Alternative Name="A25" Value="8.9066902568117058e+01"/>
   <Alternative Name="A26" Value="8.0690380429937278e+01"/>
   <Alternative Name="A27" Value="8.3479721615132618e+01"/>
   <Alternative Name="A28" Value="7.5103181480508653e+01"/>
   <Alternative Name="A29" Value="8.3000027293247527e+01"/>
   <Alternative Name="A30" Value="7.4623515466381406e+01"/>
   <Alternative Name="A31" Value="7.7412827034480074e+01"/>
   <Alternative Name="A32" Value="6.9036300552783288e+01"/>
   <Alternative Name="A33" Value="8.9993939824138991e+01"/>
   <Alternative Name="A34" Value="8.1617373299571426e+01"/>
   <Alternative Name="A35" Value="8.4406742906985059e+01"/>
   <Alternative Name="A36" Value="7.6030174350142801e+01"/>
   <Alternative Name="A37" Value="8.3927058896413612e+01"/>
   <Alternative Name="A38" Value="7.5550498024701895e+01"/>
   <Alternative Name="A39" Value="7.8339867632115514e+01"/>
   <Alternative Name="A40" Value="6.9963299075273270e+01"/>
   <Alternative Name="A41" Value="8.4946315339513845e+01"/>
   <Alternative Name="A42" Value="7.6569793201334065e+01"/>
   <Alternative Name="A43" Value="7.9359134386529419e+01"/>
   <Alternative Name="A44" Value="7.0982594251905454e+01"/>
   <Alternative Name="A45" Value="7.8879440064644299e+01"/>
   <Alternative Name="A46" Value="7.0502928237778207e+01"/>
   <Alternative Name="A47" Value="7.3292297845191825e+01"/>
   <Alternative Name="A48" Value="6.4915732629963088e+01"/>
   <Alternative Name="A49" Value="8.4108412179179751e+01"/>
   <Alternative Name="A50" Value="7.5731900352313630e+01"/>
   <Alternative Name="A51" Value="7.8521231226195326e+01"/>
   <Alternative Name="A52" Value="7.0144691091571360e+01"/>
   <Alternative Name="A53" Value="7.8041517598527179e+01"/>
   <Alternative Name="A54" Value="6.9665005771661072e+01"/>
   <Alternative Name="A55" Value="7.2454336645542767e+01"/>
   <Alternative Name="A56" Value="6.4077810163845982e+01"/>
   <Alternative Name="A57" Value="7.9060842392256049e+01"/>
   <Alternative Name="A58" Value="7.0684281520544317e+01"/>
   <Alternative Name="A59" Value="7.3473631822174937e+01"/>
   <Alternative Name="A60" Value="6.5097076918259873e+01"/>
   <Alternative Name="A61" Value="7.2993947811603491e+01"/>
   <Alternative Name="A62" Value="6.4617400592818953e+01"/>
   <Alternative Name="A63" Value="6.7406770200232572e+01"/>
   <Alternative Name="A64" Value="5.9030240376922272e+01"/>
   <Alternative Name="A65" Value="9.9507348207214449e+01"/>
   <Alternative Name="A66" Value="9.1130826069034669e+01"/>
   <Alternative Name="A67" Value="9.3920205987761960e+01"/>
   <Alternative Name="A68" Value="8.5543640772533237e+01"/>
   <Alternative Name="A69" Value="9.3440472932344917e+01"/>
   <Alternative Name="A70" Value="8.5063955452622935e+01"/>
   <Alternative Name="A71" Value="8.7853325060036582e+01"/>
   <Alternative Name="A72" Value="7.9476746191880665e+01"/>
   <Alternative Name="A73" Value="9.4459768108977087e+01"/>
   <Alternative Name="A74" Value="8.6083231201506209e+01"/>
   <Alternative Name="A75" Value="8.8872600808919842e+01"/>
   <Alternative Name="A76" Value="8.0496041368512834e+01"/>
   <Alternative Name="A77" Value="8.8392897492565353e+01"/>
   <Alternative Name="A78" Value="8.0016375354385588e+01"/>
   <Alternative Name="A79" Value="8.2805706228267269e+01"/>
   <Alternative Name="A80" Value="7.4429176404956976e+01"/>
   <Alternative Name="A81" Value="9.3621855954173640e+01"/>
   <Alternative Name="A82" Value="8.5245308735389074e+01"/>
   <Alternative Name="A83" Value="8.8034678342802707e+01"/>
   <Alternative Name="A84" Value="7.9658148519492414e+01"/>
   <Alternative Name="A85" Value="8.7554994332231274e+01"/>
   <Alternative Name="A86" Value="7.9178433460519543e+01"/>
   <Alternative Name="A87" Value="8.1967803067933161e+01"/>
   <Alternative Name="A88" Value="7.3591273244622869e+01"/>
   <Alternative Name="A89" Value="8.8574289508863444e+01"/>
   <Alternative Name="A90" Value="8.0197728637151727e+01"/>
   <Alternative Name="A91" Value="8.2987108555879018e+01"/>
   <Alternative Name="A92" Value="7.4610529687723101e+01"/>
   <Alternative Name="A93" Value="8.2507414233993899e+01"/>
   <Alternative Name="A94" Value="7.4130863673595854e+01"/>
   <Alternative Name="A95" Value="7.6920213975226460e+01"/>
   <Alternative Name="A96" Value="6.8543648759997723e+01"/>
   <Alternative Name="A97" Value="8.9501288031353440e+01"/>
   <Alternative Name="A98" Value="8.1124721506785875e+01"/>
   <Alternative Name="A99" Value="8.3914091114199508e+01"/>
   <Alternative Name="A100" Value="7.5537561290889201e+01"/>
   <Alternative Name="A101" Value="8.3434407103628061e+01"/>
   <Alternative Name="A102" Value="7.5057884965448281e+01"/>
   <Alternative Name="A103" Value="7.7847215839329976e+01"/>
   <Alternative Name="A104" Value="6.9470686016019670e+01"/>
   <Alternative Name="A105" Value="8.4453702280260217e+01"/>
   <Alternative Name="A106" Value="7.6077141408548499e+01"/>
   <Alternative Name="A107" Value="7.8866521327275819e+01"/>
   <Alternative Name="A108" Value="7.0489942459119902e+01"/>
   <Alternative Name="A109" Value="7.8386827005390685e+01"/>
   <Alternative Name="A110" Value="7.0010276444992641e+01"/>
   <Alternative Name="A111" Value="7.2799646052406274e+01"/>
   <Alternative Name="A112" Value="6.4423080837177537e+01"/>
   <Alternative Name="A113" Value="8.3615799119926137e+01"/>
   <Alternative Name="A114" Value="7.5239248559528079e+01"/>
   <Alternative Name="A115" Value="7.8028618166941726e+01"/>
   <Alternative Name="A116" Value="6.9652039298785809e+01"/>
   <Alternative Name="A117" Value="7.7548904539273565e+01"/>
   <Alternative Name="A118" Value="6.9172353978875506e+01"/>
   <Alternative Name="A119" Value="7.1961723586289139e+01"/>
   <Alternative Name="A120" Value="6.3585158371060416e+01"/>
   <Alternative Name="A121" Value="7.8568190599470483e+01"/>
   <Alternative Name="A122" Value="7.0191668461290718e+01"/>
   <Alternative Name="A123" Value="7.2980980029389372e+01"/>
   <Alternative Name="A124" Value="6.4604463859006259e+01"/>
   <Alternative Name="A125" Value="7.2501296018817939e+01"/>
   <Alternative Name="A126" Value="6.4124787533565339e+01"/>
   <Alternative Name="A127" Value="6.6914118407447006e+01"/>
   <Alternative Name="A128" Value="5.8537588584136714e+01"/>
   <Alternative Name="A129" Value="8.3695788114383888e+01"/>
   <Alternative Name="A130" Value="7.5319237553985829e+01"/>
   <Alternative Name="A131" Value="7.8108607161399448e+01"/>
   <Alternative Name="A132" Value="6.9732079370363834e+01"/>
   <Alternative Name="A133" Value="7.7628893533731315e+01"/>
   <Alternative Name="A134" Value="6.9252356626260436e+01"/>
   <Alternative Name="A135" Value="7.2041726233674055e+01"/>
   <Alternative Name="A136" Value="6.3665204095494289e+01"/>
   <Alternative Name="A137" Value="7.8648199021677144e+01"/>
   <Alternative Name="A138" Value="7.0271651802892606e+01"/>
   <Alternative Name="A139" Value="7.3061021410306225e+01"/>
   <Alternative Name="A140" Value="6.4684470849908180e+01"/>
   <Alternative Name="A141" Value="7.2581337399734792e+01"/>
   <Alternative Name="A142" Value="6.4204776528023075e+01"/>
   <Alternative Name="A143" Value="6.6994146135436694e+01"/>
   <Alternative Name="A144" Value="5.8617595575038642e+01"/>
   <Alternative Name="A145" Value="7.7810257127811113e+01"/>
   <Alternative Name="A146" Value="6.9433748642558513e+01"/>
   <Alternative Name="A147" Value="7.2223118249972146e+01"/>
   <Alternative Name="A148" Value="6.3846567689574094e+01"/>
   <Alternative Name="A149" Value="7.1743434239400713e+01"/>
   <Alternative Name="A150" Value="6.3366854061905954e+01"/>
   <Alternative Name="A151" Value="6.6156223669319587e+01"/>
   <Alternative Name="A152" Value="5.7779673108921521e+01"/>
   <Alternative Name="A153" Value="7.2762690682500946e+01"/>
   <Alternative Name="A154" Value="6.4386178855634824e+01"/>
   <Alternative Name="A155" Value="6.7175509729516506e+01"/>
   <Alternative Name="A156" Value="5.8798987591336726e+01"/>
   <Alternative Name="A157" Value="6.6695796101848373e+01"/>
   <Alternative Name="A158" Value="5.8319284274982259e+01"/>
   <Alternative Name="A159" Value="6.1108615148863940e+01"/>
   <Alternative Name="A160" Value="5.2732106663611347e+01"/>
   <Alternative Name="A161" Value="7.3689708632739851e+01"/>
   <Alternative Name="A162" Value="6.5313161413955314e+01"/>
   <Alternative Name="A163" Value="6.8102531021368932e+01"/>
   <Alternative Name="A164" Value="5.9725980460970874e+01"/>
   <Alternative Name="A165" Value="6.7622847010797486e+01"/>
   <Alternative Name="A166" Value="5.9246286139085768e+01"/>
   <Alternative Name="A167" Value="6.2035666057813067e+01"/>
   <Alternative Name="A168" Value="5.3659085880318315e+01"/>
   <Alternative Name="A169" Value="6.8642103453897718e+01"/>
   <Alternative Name="A170" Value="6.0265591627031604e+01"/>
   <Alternative Name="A171" Value="6.3054922500913285e+01"/>
   <Alternative Name="A172" Value="5.4678400362733527e+01"/>
   <Alternative Name="A173" Value="6.2575208873245153e+01"/>
   <Alternative Name="A174" Value="5.4198697046379039e+01"/>
   <Alternative Name="A175" Value="5.6988027920260727e+01"/>
   <Alternative Name="A176" Value="4.8611519435008134e+01"/>
   <Alternative Name="A177" Value="6.7804200293563625e+01"/>
   <Alternative Name="A178" Value="5.9427669160914490e+01"/>
   <Alternative Name="A179" Value="6.2217000034796172e+01"/>
   <Alternative Name="A180" Value="5.3840477896616399e+01"/>
   <Alternative Name="A181" Value="6.1737305712911066e+01"/>
   <Alternative Name="A182" Value="5.3360793886044945e+01"/>
   <Alternative Name="A183" Value="5.6150124759926626e+01"/>
   <Alternative Name="A184" Value="4.7773616274674048e+01"/>
   <Alternative Name="A185" Value="6.2756611200856895e+01"/>
   <Alternative Name="A186" Value="5.4380050329145178e+01"/>
   <Alternative Name="A187" Value="5.7169419936558810e+01"/>
   <Alternative Name="A188" Value="4.8792883029087939e+01"/>
   <Alternative Name="A189" Value="5.6689735925987364e+01"/>
   <Alternative Name="A190" Value="4.8313188707202826e+01"/>
   <Alternative Name="A191" Value="5.1102568625930118e+01"/>
   <Alternative Name="A192" Value="4.2726007754218386e+01"/>
   <Alternative Name="A193" Value="8.3203136321598336e+01"/>
   <Alternative Name="A194" Value="7.4826624494732215e+01"/>
   <Alternative Name="A195" Value="7.7615994102145848e+01"/>
   <Alternative Name="A196" Value="6.9239427577578283e+01"/>
   <Alternative Name="A197" Value="7.7136241740945749e+01"/>
   <Alternative Name="A198" Value="6.8759743567006822e+01"/>
   <Alternative Name="A199" Value="7.1549113174420455e+01"/>
   <Alternative Name="A200" Value="6.3172552302708738e+01"/>
   <Alternative Name="A201" Value="7.8155547228891606e+01"/>
   <Alternative Name="A202" Value="6.9779000010107055e+01"/>
   <Alternative Name="A203" Value="7.2568369617520688e+01"/>
   <Alternative Name="A204" Value="6.4191857790654566e+01"/>
   <Alternative Name="A205" Value="7.2088685606949241e+01"/>
   <Alternative Name="A206" Value="6.3712124735237524e+01"/>
   <Alternative Name="A207" Value="6.6501494342651142e+01"/>
   <Alternative Name="A208" Value="5.8124982515785028e+01"/>
   <Alternative Name="A209" Value="7.7317644068557499e+01"/>
   <Alternative Name="A210" Value="6.8941096849772947e+01"/>
   <Alternative Name="A211" Value="7.1730466457186580e+01"/>
   <Alternative Name="A212" Value="6.3353915896788536e+01"/>
   <Alternative Name="A213" Value="7.1250782446615148e+01"/>
   <Alternative Name="A214" Value="6.2874202269120403e+01"/>
   <Alternative Name="A215" Value="6.5663571876534021e+01"/>
   <Alternative Name="A216" Value="5.7287060049667915e+01"/>
   <Alternative Name="A217" Value="7.2270038889715380e+01"/>
   <Alternative Name="A218" Value="6.3893527062849266e+01"/>
   <Alternative Name="A219" Value="6.6682896670262892e+01"/>
   <Alternative Name="A220" Value="5.8306335798551174e+01"/>
   <Alternative Name="A221" Value="6.6203183042594759e+01"/>
   <Alternative Name="A222" Value="5.7826632482196700e+01"/>
   <Alternative Name="A223" Value="6.0616002089610326e+01"/>
   <Alternative Name="A224" Value="5.2239454870825782e+01"/>
   <Alternative Name="A225" Value="7.3197056839954286e+01"/>
   <Alternative Name="A226" Value="6.4820509621169748e+01"/>
   <Alternative Name="A227" Value="6.7609879228583367e+01"/>
   <Alternative Name="A228" Value="5.9233367401717260e+01"/>
   <Alternative Name="A229" Value="6.7130195218011934e+01"/>
   <Alternative Name="A230" Value="5.8753634346300210e+01"/>
   <Alternative Name="A231" Value="6.1543014265027509e+01"/>
   <Alternative Name="A232" Value="5.3166472821064701e+01"/>
   <Alternative Name="A233" Value="6.8149490394644104e+01"/>
   <Alternative Name="A234" Value="5.9772939834246046e+01"/>
   <Alternative Name="A235" Value="6.2562309441659679e+01"/>
   <Alternative Name="A236" Value="5.4185748569947961e+01"/>
   <Alternative Name="A237" Value="6.2082595813991546e+01"/>
   <Alternative Name="A238" Value="5.3706045253593487e+01"/>
   <Alternative Name="A239" Value="5.6495414861007120e+01"/>
   <Alternative Name="A240" Value="4.8118867642222575e+01"/>
   <Alternative Name="A241" Value="6.7311548500778073e+01"/>
   <Alternative Name="A242" Value="5.8935017368128939e+01"/>
   <Alternative Name="A243" Value="6.1724386975542558e+01"/>
   <Alternative Name="A244" Value="5.3347826103830833e+01"/>
   <Alternative Name="A245" Value="6.1244692653657445e+01"/>
   <Alternative Name="A246" Value="5.2868142093259401e+01"/>
   <Alternative Name="A247" Value="5.5657511700673020e+01"/>
   <Alternative Name="A248" Value="4.7280964481888482e+01"/>
   <Alternative Name="A249" Value="6.2263959408071329e+01"/>
   <Alternative Name="A250" Value="5.3887437269891571e+01"/>
   <Alternative Name="A251" Value="5.6676768143773252e+01"/>
   <Alternative Name="A252" Value="4.8300269969834318e+01"/>
   <Alternative Name="A253" Value="5.6197084133201813e+01"/>
   <Alternative Name="A254" Value="4.7820575647949212e+01"/>
   <Alternative Name="A255" Value="5.0609916833144553e+01"/>
   <Alternative Name="A256" Value="4.2233394694964780e+01"/>
   <Alternative Name="A257" Value="6.4448824194134090e+01"/>
   <Alternative Name="A258" Value="5.6072273633736039e+01"/>
   <Alternative Name="A259" Value="5.8861643241149658e+01"/>
   <Alternative Name="A260" Value="5.0485134755897064e+01"/>
   <Alternative Name="A261" Value="5.8381959230578211e+01"/>
   <Alternative Name="A262" Value="5.0005412011793680e+01"/>
   <Alternative Name="A263" Value="5.2794781619207306e+01"/>
   <Alternative Name="A264" Value="4.4418250486558172e+01"/>
   <Alternative Name="A265" Value="5.9401254407210395e+01"/>
   <Alternative Name="A266" Value="5.1024707188425850e+01"/>
   <Alternative Name="A267" Value="5.3814076795839483e+01"/>
   <Alternative Name="A268" Value="4.5437526235441425e+01"/>
   <Alternative Name="A269" Value="5.3334373479485016e+01"/>
   <Alternative Name="A270" Value="4.4957812607773292e+01"/>
   <Alternative Name="A271" Value="4.7747192526500584e+01"/>
   <Alternative Name="A272" Value="3.9370631654788859e+01"/>
   <Alternative Name="A273" Value="5.8563312513344357e+01"/>
   <Alternative Name="A274" Value="5.0186784722308730e+01"/>
   <Alternative Name="A275" Value="5.2976164641036029e+01"/>
   <Alternative Name="A276" Value="4.4599603769324318e+01"/>
   <Alternative Name="A277" Value="5.2496431585618964e+01"/>
   <Alternative Name="A278" Value="4.4119909447439198e+01"/>
   <Alternative Name="A279" Value="4.6909289366166490e+01"/>
   <Alternative Name="A280" Value="3.8532728494454773e+01"/>
   <Alternative Name="A281" Value="5.3515726762251134e+01"/>
   <Alternative Name="A282" Value="4.5139176201853097e+01"/>
   <Alternative Name="A283" Value="4.7928545809266716e+01"/>
   <Alternative Name="A284" Value="3.9552023671086943e+01"/>
   <Alternative Name="A285" Value="4.7448861798695283e+01"/>
   <Alternative Name="A286" Value="3.9072339660515496e+01"/>
   <Alternative Name="A287" Value="4.1861670534397184e+01"/>
   <Alternative Name="A288" Value="3.3485172360458257e+01"/>
   <Alternative Name="A289" Value="5.4442725284741144e+01"/>
   <Alternative Name="A290" Value="4.6066216799488544e+01"/>
   <Alternative Name="A291" Value="4.8855596718215835e+01"/>
   <Alternative Name="A292" Value="4.0479016540721098e+01"/>
   <Alternative Name="A293" Value="4.8375883090547703e+01"/>
   <Alternative Name="A294" Value="3.9999332530149658e+01"/>
   <Alternative Name="A295" Value="4.2788702137563284e+01"/>
   <Alternative Name="A296" Value="3.4412141265851560e+01"/>
   <Alternative Name="A297" Value="4.9395139533647935e+01"/>
   <Alternative Name="A298" Value="4.1018627706781828e+01"/>
   <Alternative Name="A299" Value="4.3807958580663509e+01"/>
   <Alternative Name="A300" Value="3.5431436442483729e+01"/>
   <Alternative Name="A301" Value="4.3328274570092063e+01"/>
   <Alternative Name="A302" Value="3.4951752431912283e+01"/>
   <Alternative Name="A303" Value="3.7741083305793978e+01"/>
   <Alternative Name="A304" Value="2.9364585131855037e+01"/>
   <Alternative Name="A305" Value="4.8557246684627515e+01"/>
   <Alternative Name="A306" Value="4.0180685812915790e+01"/>
   <Alternative Name="A307" Value="4.2970055420329416e+01"/>
   <Alternative Name="A308" Value="3.4593543593463302e+01"/>
   <Alternative Name="A309" Value="4.2490371409757969e+01"/>
   <Alternative Name="A310" Value="3.4113849271578189e+01"/>
   <Alternative Name="A311" Value="3.6903160839676850e+01"/>
   <Alternative Name="A312" Value="2.8526662665737920e+01"/>
   <Alternative Name="A313" Value="4.3509666586390146e+01"/>
   <Alternative Name="A314" Value="3.5133105714678422e+01"/>
   <Alternative Name="A315" Value="3.7922485633405714e+01"/>
   <Alternative Name="A316" Value="2.9545938414621176e+01"/>
   <Alternative Name="A317" Value="3.7442772005737581e+01"/>
   <Alternative Name="A318" Value="2.9066235098266702e+01"/>
   <Alternative Name="A319" Value="3.1855604705680328e+01"/>
   <Alternative Name="A320" Value="2.3479043833968614e+01"/>
   <Alternative Name="A321" Value="6.3956172401348539e+01"/>
   <Alternative Name="A322" Value="5.5579660574482432e+01"/>
   <Alternative Name="A323" Value="5.8368991448364099e+01"/>
   <Alternative Name="A324" Value="4.9992482963111513e+01"/>
   <Alternative Name="A325" Value="5.7889307437792660e+01"/>
   <Alternative Name="A326" Value="4.9512798952540066e+01"/>
   <Alternative Name="A327" Value="5.2302168559953699e+01"/>
   <Alternative Name="A328" Value="4.3925598693772621e+01"/>
   <Alternative Name="A329" Value="5.8908602614424836e+01"/>
   <Alternative Name="A330" Value="5.0532055395640299e+01"/>
   <Alternative Name="A331" Value="5.3321425003053918e+01"/>
   <Alternative Name="A332" Value="4.4944913176187811e+01"/>
   <Alternative Name="A333" Value="5.2841721686699451e+01"/>
   <Alternative Name="A334" Value="4.4465160814987733e+01"/>
   <Alternative Name="A335" Value="4.7254540733715025e+01"/>
   <Alternative Name="A336" Value="3.8878018595535252e+01"/>
   <Alternative Name="A337" Value="5.8070699454090743e+01"/>
   <Alternative Name="A338" Value="4.9694132929523171e+01"/>
   <Alternative Name="A339" Value="5.2483512848250470e+01"/>
   <Alternative Name="A340" Value="4.4106951976538753e+01"/>
   <Alternative Name="A341" Value="5.2003818526365365e+01"/>
   <Alternative Name="A342" Value="4.3627257654653647e+01"/>
   <Alternative Name="A343" Value="4.6416637573380939e+01"/>
   <Alternative Name="A344" Value="3.8040076701669214e+01"/>
   <Alternative Name="A345" Value="5.3023074969465583e+01"/>
   <Alternative Name="A346" Value="4.4646563142599483e+01"/>
   <Alternative Name="A347" Value="4.7435932750013109e+01"/>
   <Alternative Name="A348" Value="3.9059371878301384e+01"/>
   <Alternative Name="A349" Value="4.6956210005909725e+01"/>
   <Alternative Name="A350" Value="3.8579687867729945e+01"/>
   <Alternative Name="A351" Value="4.1369057475143570e+01"/>
   <Alternative Name="A352" Value="3.2992520567672692e+01"/>
   <Alternative Name="A353" Value="5.3950112225487537e+01"/>
   <Alternative Name="A354" Value="4.5573565006702992e+01"/>
   <Alternative Name="A355" Value="4.8362944925430284e+01"/>
   <Alternative Name="A356" Value="3.9986403481467484e+01"/>
   <Alternative Name="A357" Value="4.7883231297762151e+01"/>
   <Alternative Name="A358" Value="3.9506680737364100e+01"/>
   <Alternative Name="A359" Value="4.2296050344777719e+01"/>
   <Alternative Name="A360" Value="3.3919528206597946e+01"/>
   <Alternative Name="A361" Value="4.8902526474394328e+01"/>
   <Alternative Name="A362" Value="4.0525975913996263e+01"/>
   <Alternative Name="A363" Value="4.3315345521409895e+01"/>
   <Alternative Name="A364" Value="3.4938784649698178e+01"/>
   <Alternative Name="A365" Value="4.2835661510838449e+01"/>
   <Alternative Name="A366" Value="3.4459100639126731e+01"/>
   <Alternative Name="A367" Value="3.7248470246540357e+01"/>
   <Alternative Name="A368" Value="2.8871933339069482e+01"/>
   <Alternative Name="A369" Value="4.8064594891841949e+01"/>
   <Alternative Name="A370" Value="3.9688072753662176e+01"/>
   <Alternative Name="A371" Value="4.2477442361075802e+01"/>
   <Alternative Name="A372" Value="3.4100891800677751e+01"/>
   <Alternative Name="A373" Value="4.1997719616972425e+01"/>
   <Alternative Name="A374" Value="3.3621197478792638e+01"/>
   <Alternative Name="A375" Value="3.6410547780423236e+01"/>
   <Alternative Name="A376" Value="2.8034010872952365e+01"/>
   <Alternative Name="A377" Value="4.3017014793604595e+01"/>
   <Alternative Name="A378" Value="3.4640453921892870e+01"/>
   <Alternative Name="A379" Value="3.7429833840620162e+01"/>
   <Alternative Name="A380" Value="2.9053325355367559e+01"/>
   <Alternative Name="A381" Value="3.6950120212952029e+01"/>
   <Alternative Name="A382" Value="2.8573622039013092e+01"/>
   <Alternative Name="A383" Value="3.1362952912894773e+01"/>
   <Alternative Name="A384" Value="2.2986430774715000e+01"/>
   <Alternative Name="A385" Value="4.8144640616275822e+01"/>
   <Alternative Name="A386" Value="3.9768061748119912e+01"/>
   <Alternative Name="A387" Value="4.2557431355533545e+01"/>
   <Alternative Name="A388" Value="3.4180894448062659e+01"/>
   <Alternative Name="A389" Value="4.2077746035623257e+01"/>
   <Alternative Name="A390" Value="3.3701180820394526e+01"/>
   <Alternative Name="A391" Value="3.6490550427808152e+01"/>
   <Alternative Name="A392" Value="2.8114038600942045e+01"/>
   <Alternative Name="A393" Value="4.3097021784506516e+01"/>
   <Alternative Name="A394" Value="3.4720505614123390e+01"/>
   <Alternative Name="A395" Value="3.7509855915754002e+01"/>
   <Alternative Name="A396" Value="2.9133295044042271e+01"/>
   <Alternative Name="A397" Value="3.7030179590313075e+01"/>
   <Alternative Name="A398" Value="2.8653611033470831e+01"/>
   <Alternative Name="A399" Value="3.1442980640884457e+01"/>
   <Alternative Name="A400" Value="2.3066419769172736e+01"/>
   <Alternative Name="A401" Value="4.2259099318389396e+01"/>
   <Alternative Name="A402" Value="3.3882583148006276e+01"/>
   <Alternative Name="A403" Value="3.6671952755419902e+01"/>
   <Alternative Name="A404" Value="2.8295391883708181e+01"/>
   <Alternative Name="A405" Value="3.6192237696447037e+01"/>
   <Alternative Name="A406" Value="2.7815707873136738e+01"/>
   <Alternative Name="A407" Value="3.0605077480550367e+01"/>
   <Alternative Name="A408" Value="2.2228516608838650e+01"/>
   <Alternative Name="A409" Value="3.7211543184392873e+01"/>
   <Alternative Name="A410" Value="2.8834964316236970e+01"/>
   <Alternative Name="A411" Value="3.1624333923650596e+01"/>
   <Alternative Name="A412" Value="2.3247822096784486e+01"/>
   <Alternative Name="A413" Value="3.1144667909523339e+01"/>
   <Alternative Name="A414" Value="2.2768069735584405e+01"/>
   <Alternative Name="A415" Value="2.5557439342998034e+01"/>
   <Alternative Name="A416" Value="1.7180941169059096e+01"/>
   <Alternative Name="A417" Value="3.8138512089786182e+01"/>
   <Alternative Name="A418" Value="2.9761995919403063e+01"/>
   <Alternative Name="A419" Value="3.2551365526816696e+01"/>
   <Alternative Name="A420" Value="2.4174804655104971e+01"/>
   <Alternative Name="A421" Value="3.2071650467843824e+01"/>
   <Alternative Name="A422" Value="2.3695120644533528e+01"/>
   <Alternative Name="A423" Value="2.6484490251947157e+01"/>
   <Alternative Name="A424" Value="1.8107929380235433e+01"/>
   <Alternative Name="A425" Value="3.3090955955789667e+01"/>
   <Alternative Name="A426" Value="2.4714415821165698e+01"/>
   <Alternative Name="A427" Value="2.7503746695047386e+01"/>
   <Alternative Name="A428" Value="1.9127234868181272e+01"/>
   <Alternative Name="A429" Value="2.7024080680920125e+01"/>
   <Alternative Name="A430" Value="1.8647540546296163e+01"/>
   <Alternative Name="A431" Value="2.1436871420177848e+01"/>
   <Alternative Name="A432" Value="1.3060353940455888e+01"/>
   <Alternative Name="A433" Value="3.2253052795455567e+01"/>
   <Alternative Name="A434" Value="2.3876473927299660e+01"/>
   <Alternative Name="A435" Value="2.6665843534713296e+01"/>
   <Alternative Name="A436" Value="1.8289331707847179e+01"/>
   <Alternative Name="A437" Value="2.6186158214803008e+01"/>
   <Alternative Name="A438" Value="1.7809579346647098e+01"/>
   <Alternative Name="A439" Value="2.0598948954060727e+01"/>
   <Alternative Name="A440" Value="1.2222450780121795e+01"/>
   <Alternative Name="A441" Value="2.7205472697218209e+01"/>
   <Alternative Name="A442" Value="1.8828884834592941e+01"/>
   <Alternative Name="A443" Value="2.1618254442006570e+01"/>
   <Alternative Name="A444" Value="1.3241707223222024e+01"/>
   <Alternative Name="A445" Value="2.1138578116565647e+01"/>
   <Alternative Name="A446" Value="1.2762023212650579e+01"/>
   <Alternative Name="A447" Value="1.5551392820064207e+01"/>
   <Alternative Name="A448" Value="7.1748319483524892e+00"/>
   <Alternative Name="A449" Value="4.7651988823490271e+01"/>
   <Alternative Name="A450" Value="3.9275448688866291e+01"/>
   <Alternative Name="A451" Value="4.2064779562747987e+01"/>
   <Alternative Name="A452" Value="3.3688281388809052e+01"/>
   <Alternative Name="A453" Value="4.1585094242837705e+01"/>
   <Alternative Name="A454" Value="3.3208567761140912e+01"/>
   <Alternative Name="A455" Value="3.5997898635022601e+01"/>
   <Alternative Name="A456" Value="2.7621386808156487e+01"/>
   <Alternative Name="A457" Value="4.2604408725252902e+01"/>
   <Alternative Name="A458" Value="3.4227853821337838e+01"/>
   <Alternative Name="A459" Value="3.7017204122968444e+01"/>
   <Alternative Name="A460" Value="2.8640643251256716e+01"/>
   <Alternative Name="A461" Value="3.6537527797527517e+01"/>
   <Alternative Name="A462" Value="2.8160959240685276e+01"/>
   <Alternative Name="A463" Value="3.0950328848098902e+01"/>
   <Alternative Name="A464" Value="2.2573806709919126e+01"/>
   <Alternative Name="A465" Value="4.1766486259135782e+01"/>
   <Alternative Name="A466" Value="3.3389931355220718e+01"/>
   <Alternative Name="A467" Value="3.6179300962634343e+01"/>
   <Alternative Name="A468" Value="2.7802740090922622e+01"/>
   <Alternative Name="A469" Value="3.5699624637193423e+01"/>
   <Alternative Name="A470" Value="2.7323056080351183e+01"/>
   <Alternative Name="A471" Value="3.0112425687764809e+01"/>
   <Alternative Name="A472" Value="2.1735864816053088e+01"/>
   <Alternative Name="A473" Value="3.6718891391607322e+01"/>
   <Alternative Name="A474" Value="2.8342351256983353e+01"/>
   <Alternative Name="A475" Value="3.1131720864396978e+01"/>
   <Alternative Name="A476" Value="2.2755170303998931e+01"/>
   <Alternative Name="A477" Value="3.0652016116737784e+01"/>
   <Alternative Name="A478" Value="2.2275456676330791e+01"/>
   <Alternative Name="A479" Value="2.5064826283744420e+01"/>
   <Alternative Name="A480" Value="1.6688289376273541e+01"/>
   <Alternative Name="A481" Value="3.7645899030532568e+01"/>
   <Alternative Name="A482" Value="2.9269344126617504e+01"/>
   <Alternative Name="A483" Value="3.2058713734031130e+01"/>
   <Alternative Name="A484" Value="2.3682152862319416e+01"/>
   <Alternative Name="A485" Value="3.1579037408590214e+01"/>
   <Alternative Name="A486" Value="2.3202468851747973e+01"/>
   <Alternative Name="A487" Value="2.5991838459161603e+01"/>
   <Alternative Name="A488" Value="1.7615316320981822e+01"/>
   <Alternative Name="A489" Value="3.2598304163004109e+01"/>
   <Alternative Name="A490" Value="2.4221764028380139e+01"/>
   <Alternative Name="A491" Value="2.7011133635793772e+01"/>
   <Alternative Name="A492" Value="1.8634583075395714e+01"/>
   <Alternative Name="A493" Value="2.6531467621666515e+01"/>
   <Alternative Name="A494" Value="1.8154888753510605e+01"/>
   <Alternative Name="A495" Value="2.0944258360924238e+01"/>
   <Alternative Name="A496" Value="1.2567702147670330e+01"/>
   <Alternative Name="A497" Value="3.1760401002670012e+01"/>
   <Alternative Name="A498" Value="2.3383860868046046e+01"/>
   <Alternative Name="A499" Value="2.6173230475459672e+01"/>
   <Alternative Name="A500" Value="1.7796679915061624e+01"/>
   <Alternative Name="A501" Value="2.5693506422017453e+01"/>
   <Alternative Name="A502" Value="1.7316966287393488e+01"/>
   <Alternative Name="A503" Value="2.0106335894807113e+01"/>
   <Alternative Name="A504" Value="1.1729798987336238e+01"/>
   <Alternative Name="A505" Value="2.6712820904432654e+01"/>
   <Alternative Name="A506" Value="1.8336233041807382e+01"/>
   <Alternative Name="A507" Value="2.1125602649221012e+01"/>
   <Alternative Name="A508" Value="1.2749094163968410e+01"/>
   <Alternative Name="A509" Value="2.0645926323780088e+01"/>
   <Alternative Name="A510" Value="1.2269371419865022e+01"/>
   <Alternative Name="A511" Value="1.5058741027278648e+01"/>
   <Alternative Name="A512" Value="6.6822072690392931e+00"/>
   <Alternative Name="A513" Value="9.3317781110901137e+01"/>
   <Alternative Name="A514" Value="8.4941258972721343e+01"/>
   <Alternative Name="A515" Value="8.7730628580134976e+01"/>
   <Alternative Name="A516" Value="7.9354073676219912e+01"/>
   <Alternative Name="A517" Value="8.7250905836031592e+01"/>
   <Alternative Name="A518" Value="7.8874397350778992e+01"/>
   <Alternative Name="A519" Value="8.1663766958192610e+01"/>
   <Alternative Name="A520" Value="7.3287179095567353e+01"/>
   <Alternative Name="A521" Value="8.8270201012663776e+01"/>
   <Alternative Name="A522" Value="7.9893664105192897e+01"/>
   <Alternative Name="A523" Value="8.2683033712606516e+01"/>
   <Alternative Name="A524" Value="7.4306493577982550e+01"/>
   <Alternative Name="A525" Value="8.2203320084938369e+01"/>
   <Alternative Name="A526" Value="7.3826769524540339e+01"/>
   <Alternative Name="A527" Value="7.6616139131953958e+01"/>
   <Alternative Name="A528" Value="6.8239598997329992e+01"/>
   <Alternative Name="A529" Value="8.7432297852329683e+01"/>
   <Alternative Name="A530" Value="7.9055741639075777e+01"/>
   <Alternative Name="A531" Value="8.1845111246489381e+01"/>
   <Alternative Name="A532" Value="7.3468532378333492e+01"/>
   <Alternative Name="A533" Value="8.1365416924604276e+01"/>
   <Alternative Name="A534" Value="7.2988866364206231e+01"/>
   <Alternative Name="A535" Value="7.5778235971619864e+01"/>
   <Alternative Name="A536" Value="6.7401695836995884e+01"/>
   <Alternative Name="A537" Value="8.2384683679018181e+01"/>
   <Alternative Name="A538" Value="7.4008161540838387e+01"/>
   <Alternative Name="A539" Value="7.6797531148252020e+01"/>
   <Alternative Name="A540" Value="6.8420962591409804e+01"/>
   <Alternative Name="A541" Value="7.6317847137680573e+01"/>
   <Alternative Name="A542" Value="6.7941286265968870e+01"/>
   <Alternative Name="A543" Value="7.0730655873382489e+01"/>
   <Alternative Name="A544" Value="6.2354100969467446e+01"/>
   <Alternative Name="A545" Value="8.3311710623726455e+01"/>
   <Alternative Name="A546" Value="7.4935173716255591e+01"/>
   <Alternative Name="A547" Value="7.7724543323669209e+01"/>
   <Alternative Name="A548" Value="6.9347983883262216e+01"/>
   <Alternative Name="A549" Value="7.7244829696001062e+01"/>
   <Alternative Name="A550" Value="6.8868279135603018e+01"/>
   <Alternative Name="A551" Value="7.1657648743016637e+01"/>
   <Alternative Name="A552" Value="6.3281108608392685e+01"/>
   <Alternative Name="A553" Value="7.8264135183946919e+01"/>
   <Alternative Name="A554" Value="6.9887574312235188e+01"/>
   <Alternative Name="A555" Value="7.2676943919648821e+01"/>
   <Alternative Name="A556" Value="6.4300375362806577e+01"/>
   <Alternative Name="A557" Value="7.2197259909077388e+01"/>
   <Alternative Name="A558" Value="6.3820699037365650e+01"/>
   <Alternative Name="A559" Value="6.6610068644779275e+01"/>
   <Alternative Name="A560" Value="5.8233513740864225e+01"/>
   <Alternative Name="A561" Value="7.7426193290080874e+01"/>
   <Alternative Name="A562" Value="6.9049671151901109e+01"/>
   <Alternative Name="A563" Value="7.1839040759314727e+01"/>
   <Alternative Name="A564" Value="6.3462472202472483e+01"/>
   <Alternative Name="A565" Value="7.1359356748743295e+01"/>
   <Alternative Name="A566" Value="6.2982795877031563e+01"/>
   <Alternative Name="A567" Value="6.5772146178662155e+01"/>
   <Alternative Name="A568" Value="5.7395591274747105e+01"/>
   <Alternative Name="A569" Value="7.2378613191843513e+01"/>
   <Alternative Name="A570" Value="6.4002101364977406e+01"/>
   <Alternative Name="A571" Value="6.6791432238859088e+01"/>
   <Alternative Name="A572" Value="5.8414905757162295e+01"/>
   <Alternative Name="A573" Value="6.6311718611190955e+01"/>
   <Alternative Name="A574" Value="5.7935220437252021e+01"/>
   <Alternative Name="A575" Value="6.0724551311133688e+01"/>
   <Alternative Name="A576" Value="5.2348011176509736e+01"/>
   <Alternative Name="A577" Value="9.2825168051647509e+01"/>
   <Alternative Name="A578" Value="8.4448607179935777e+01"/>
   <Alternative Name="A579" Value="8.7237976787349410e+01"/>
   <Alternative Name="A580" Value="7.8861421883434360e+01"/>
   <Alternative Name="A581" Value="8.6758292776777978e+01"/>
   <Alternative Name="A582" Value="7.8381745557993440e+01"/>
   <Alternative Name="A583" Value="8.1171115165407059e+01"/>
   <Alternative Name="A584" Value="7.2794527302781802e+01"/>
   <Alternative Name="A585" Value="8.7777549219878210e+01"/>
   <Alternative Name="A586" Value="7.9401051045939269e+01"/>
   <Alternative Name="A587" Value="8.2190420653352888e+01"/>
   <Alternative Name="A588" Value="7.3813841785196985e+01"/>
   <Alternative Name="A589" Value="8.1710668292152818e+01"/>
   <Alternative Name="A590" Value="7.3334156465286711e+01"/>
   <Alternative Name="A591" Value="7.6123526072700344e+01"/>
   <Alternative Name="A592" Value="6.7746947204544426e+01"/>
   <Alternative Name="A593" Value="8.6939646059544117e+01"/>
   <Alternative Name="A594" Value="7.8563128579822163e+01"/>
   <Alternative Name="A595" Value="8.1352459453703815e+01"/>
   <Alternative Name="A596" Value="7.2975919319079878e+01"/>
   <Alternative Name="A597" Value="8.0872765131818724e+01"/>
   <Alternative Name="A598" Value="7.2496253304952617e+01"/>
   <Alternative Name="A599" Value="7.5285584178834299e+01"/>
   <Alternative Name="A600" Value="6.6909044044210333e+01"/>
   <Alternative Name="A601" Value="8.1892070619764567e+01"/>
   <Alternative Name="A602" Value="7.3515509748052850e+01"/>
   <Alternative Name="A603" Value="7.6304879355466468e+01"/>
   <Alternative Name="A604" Value="6.7928349532156190e+01"/>
   <Alternative Name="A605" Value="7.5825195344895022e+01"/>
   <Alternative Name="A606" Value="6.7448634473183319e+01"/>
   <Alternative Name="A607" Value="7.0238004080596937e+01"/>
   <Alternative Name="A608" Value="6.1861487910213825e+01"/>
   <Alternative Name="A609" Value="8.2819058830940904e+01"/>
   <Alternative Name="A610" Value="7.4442560657001977e+01"/>
   <Alternative Name="A611" Value="7.7231930264415595e+01"/>
   <Alternative Name="A612" Value="6.8855332090476651e+01"/>
   <Alternative Name="A613" Value="7.6752177903215525e+01"/>
   <Alternative Name="A614" Value="6.8375666076349404e+01"/>
   <Alternative Name="A615" Value="7.1165035683763037e+01"/>
   <Alternative Name="A616" Value="6.2788456815607127e+01"/>
   <Alternative Name="A617" Value="7.7771483391161354e+01"/>
   <Alternative Name="A618" Value="6.9394922519449636e+01"/>
   <Alternative Name="A619" Value="7.2184292126863255e+01"/>
   <Alternative Name="A620" Value="6.3807762303552963e+01"/>
   <Alternative Name="A621" Value="7.1704608116291823e+01"/>
   <Alternative Name="A622" Value="6.3328047244580091e+01"/>
   <Alternative Name="A623" Value="6.6117416851993724e+01"/>
   <Alternative Name="A624" Value="5.7740900681610604e+01"/>
   <Alternative Name="A625" Value="7.6933580230827275e+01"/>
   <Alternative Name="A626" Value="6.8557019359115543e+01"/>
   <Alternative Name="A627" Value="7.1346388966529176e+01"/>
   <Alternative Name="A628" Value="6.2969820409686925e+01"/>
   <Alternative Name="A629" Value="7.0866704955957744e+01"/>
   <Alternative Name="A630" Value="6.2490144084246005e+01"/>
   <Alternative Name="A631" Value="6.5279494385876603e+01"/>
   <Alternative Name="A632" Value="5.6902978215493498e+01"/>
   <Alternative Name="A633" Value="7.1885961399057962e+01"/>
   <Alternative Name="A634" Value="6.3509449572191848e+01"/>
   <Alternative Name="A635" Value="6.6298819179605474e+01"/>
   <Alternative Name="A636" Value="5.7922253964376743e+01"/>
   <Alternative Name="A637" Value="6.5819105551937341e+01"/>
   <Alternative Name="A638" Value="5.7442568644466455e+01"/>
   <Alternative Name="A639" Value="6.0231938251880088e+01"/>
   <Alternative Name="A640" Value="5.1855359383724171e+01"/>
   <Alternative Name="A641" Value="7.7013569225285011e+01"/>
   <Alternative Name="A642" Value="6.8637047087105216e+01"/>
   <Alternative Name="A643" Value="7.1426377960986912e+01"/>
   <Alternative Name="A644" Value="6.3049879787047985e+01"/>
   <Alternative Name="A645" Value="7.0946674644632452e+01"/>
   <Alternative Name="A646" Value="6.2570166159379838e+01"/>
   <Alternative Name="A647" Value="6.5359546078107144e+01"/>
   <Alternative Name="A648" Value="5.6982985206395412e+01"/>
   <Alternative Name="A649" Value="7.1965989127047635e+01"/>
   <Alternative Name="A650" Value="6.3589452219576756e+01"/>
   <Alternative Name="A651" Value="6.6378802521207362e+01"/>
   <Alternative Name="A652" Value="5.8002280383027582e+01"/>
   <Alternative Name="A653" Value="6.5899108199322256e+01"/>
   <Alternative Name="A654" Value="5.7522557638924198e+01"/>
   <Alternative Name="A655" Value="6.0311927246337817e+01"/>
   <Alternative Name="A656" Value="5.1935405108158051e+01"/>
   <Alternative Name="A657" Value="7.1128066660930514e+01"/>
   <Alternative Name="A658" Value="6.2751529753459636e+01"/>
   <Alternative Name="A659" Value="6.5540899360873269e+01"/>
   <Alternative Name="A660" Value="5.7164338489161544e+01"/>
   <Alternative Name="A661" Value="6.5061215350301836e+01"/>
   <Alternative Name="A662" Value="5.6684654478590112e+01"/>
   <Alternative Name="A663" Value="5.9474024086003730e+01"/>
   <Alternative Name="A664" Value="5.1097473525605679e+01"/>
   <Alternative Name="A665" Value="6.6080471793402054e+01"/>
   <Alternative Name="A666" Value="5.7703949655222281e+01"/>
   <Alternative Name="A667" Value="6.0493319262635900e+01"/>
   <Alternative Name="A668" Value="5.2116768702237849e+01"/>
   <Alternative Name="A669" Value="6.0013596518532516e+01"/>
   <Alternative Name="A670" Value="5.1637055074569709e+01"/>
   <Alternative Name="A671" Value="5.4426434993297015e+01"/>
   <Alternative Name="A672" Value="4.6049887774512463e+01"/>
   <Alternative Name="A673" Value="6.7007479432327315e+01"/>
   <Alternative Name="A674" Value="5.8630942524856437e+01"/>
   <Alternative Name="A675" Value="6.1420312132270055e+01"/>
   <Alternative Name="A676" Value="5.3043789994090282e+01"/>
   <Alternative Name="A677" Value="6.0940628121698609e+01"/>
   <Alternative Name="A678" Value="5.2564067249986898e+01"/>
   <Alternative Name="A679" Value="5.5353436857400524e+01"/>
   <Alternative Name="A680" Value="4.6976925030534410e+01"/>
   <Alternative Name="A681" Value="6.1959923298330779e+01"/>
   <Alternative Name="A682" Value="5.3583362426619068e+01"/>
   <Alternative Name="A683" Value="5.6372742345346367e+01"/>
   <Alternative Name="A684" Value="4.7996181473634635e+01"/>
   <Alternative Name="A685" Value="5.5893048023461255e+01"/>
   <Alternative Name="A686" Value="4.7516487151749530e+01"/>
   <Alternative Name="A687" Value="5.0305867070476822e+01"/>
   <Alternative Name="A688" Value="4.1929300545909257e+01"/>
   <Alternative Name="A689" Value="6.1121981404464755e+01"/>
   <Alternative Name="A690" Value="5.2745459266284968e+01"/>
   <Alternative Name="A691" Value="5.5534839185012267e+01"/>
   <Alternative Name="A692" Value="4.7158278313300549e+01"/>
   <Alternative Name="A693" Value="5.5055086823812182e+01"/>
   <Alternative Name="A694" Value="4.6678574996946082e+01"/>
   <Alternative Name="A695" Value="4.9467944604359708e+01"/>
   <Alternative Name="A696" Value="4.1091397385575156e+01"/>
   <Alternative Name="A697" Value="5.6074401306227386e+01"/>
   <Alternative Name="A698" Value="4.7697831440046308e+01"/>
   <Alternative Name="A699" Value="5.0487201047459934e+01"/>
   <Alternative Name="A700" Value="4.2110692562207333e+01"/>
   <Alternative Name="A701" Value="5.0007517036888494e+01"/>
   <Alternative Name="A702" Value="4.1631008551635887e+01"/>
   <Alternative Name="A703" Value="4.4420339425517582e+01"/>
   <Alternative Name="A704" Value="3.6043827598651475e+01"/>
   <Alternative Name="A705" Value="7.6520956166031382e+01"/>
   <Alternative Name="A706" Value="6.8144395294319665e+01"/>
   <Alternative Name="A707" Value="7.0933764901733284e+01"/>
   <Alternative Name="A708" Value="6.2557227994262419e+01"/>
   <Alternative Name="A709" Value="7.0454061585378824e+01"/>
   <Alternative Name="A710" Value="6.2077514366594279e+01"/>
   <Alternative Name="A711" Value="6.4866894285321578e+01"/>
   <Alternative Name="A712" Value="5.6490333413609854e+01"/>
   <Alternative Name="A713" Value="7.1473337334262069e+01"/>
   <Alternative Name="A714" Value="6.3096839160323135e+01"/>
   <Alternative Name="A715" Value="6.5886150728421811e+01"/>
   <Alternative Name="A716" Value="5.7509628590242023e+01"/>
   <Alternative Name="A717" Value="6.5406456406536705e+01"/>
   <Alternative Name="A718" Value="5.7029944579670584e+01"/>
   <Alternative Name="A719" Value="5.9819314187084203e+01"/>
   <Alternative Name="A720" Value="5.1442753315372492e+01"/>
   <Alternative Name="A721" Value="7.0635414868144963e+01"/>
   <Alternative Name="A722" Value="6.2258916694206015e+01"/>
   <Alternative Name="A723" Value="6.5048247568087703e+01"/>
   <Alternative Name="A724" Value="5.6671725429907937e+01"/>
   <Alternative Name="A725" Value="6.4568563557516285e+01"/>
   <Alternative Name="A726" Value="5.6192041419336498e+01"/>
   <Alternative Name="A727" Value="5.8981372293218179e+01"/>
   <Alternative Name="A728" Value="5.0604860466352058e+01"/>
   <Alternative Name="A729" Value="6.5587858734148455e+01"/>
   <Alternative Name="A730" Value="5.7211297862436716e+01"/>
   <Alternative Name="A731" Value="6.0000667469850342e+01"/>
   <Alternative Name="A732" Value="5.1624116909452290e+01"/>
   <Alternative Name="A733" Value="5.9520983459278902e+01"/>
   <Alternative Name="A734" Value="5.1144403281784157e+01"/>
   <Alternative Name="A735" Value="5.3933783200511456e+01"/>
   <Alternative Name="A736" Value="4.5557274715258856e+01"/>
   <Alternative Name="A737" Value="6.6514827639541750e+01"/>
   <Alternative Name="A738" Value="5.8138329465602816e+01"/>
   <Alternative Name="A739" Value="6.0927660339484497e+01"/>
   <Alternative Name="A740" Value="5.2551138201304724e+01"/>
   <Alternative Name="A741" Value="6.0447976328913057e+01"/>
   <Alternative Name="A742" Value="5.2071454190733277e+01"/>
   <Alternative Name="A743" Value="5.4860823798146903e+01"/>
   <Alternative Name="A744" Value="4.6484273237748859e+01"/>
   <Alternative Name="A745" Value="6.1467271505545234e+01"/>
   <Alternative Name="A746" Value="5.3090710633833517e+01"/>
   <Alternative Name="A747" Value="5.5880090552560802e+01"/>
   <Alternative Name="A748" Value="4.7503568414381022e+01"/>
   <Alternative Name="A749" Value="5.5400396230675689e+01"/>
   <Alternative Name="A750" Value="4.7023835358963971e+01"/>
   <Alternative Name="A751" Value="4.9813215277691270e+01"/>
   <Alternative Name="A752" Value="4.1436687486655643e+01"/>
   <Alternative Name="A753" Value="6.0629368345211134e+01"/>
   <Alternative Name="A754" Value="5.2252807473499416e+01"/>
   <Alternative Name="A755" Value="5.5042187392226715e+01"/>
   <Alternative Name="A756" Value="4.6665626520514991e+01"/>
   <Alternative Name="A757" Value="5.4562473764558575e+01"/>
   <Alternative Name="A758" Value="4.6185923204160517e+01"/>
   <Alternative Name="A759" Value="4.8975292811574143e+01"/>
   <Alternative Name="A760" Value="4.0598745592789612e+01"/>
   <Alternative Name="A761" Value="5.5581749513441821e+01"/>
   <Alternative Name="A762" Value="4.7205218380792694e+01"/>
   <Alternative Name="A763" Value="4.9994587988206320e+01"/>
   <Alternative Name="A764" Value="4.1618040769421782e+01"/>
   <Alternative Name="A765" Value="4.9514865244102943e+01"/>
   <Alternative Name="A766" Value="4.1138356758850328e+01"/>
   <Alternative Name="A767" Value="4.3927726366263961e+01"/>
   <Alternative Name="A768" Value="3.5551175805865910e+01"/>
   <Alternative Name="A769" Value="5.7766605305035228e+01"/>
   <Alternative Name="A770" Value="4.9390083166855440e+01"/>
   <Alternative Name="A771" Value="5.2179424352050795e+01"/>
   <Alternative Name="A772" Value="4.3802915866798187e+01"/>
   <Alternative Name="A773" Value="5.1699730030165682e+01"/>
   <Alternative Name="A774" Value="4.3323231856226748e+01"/>
   <Alternative Name="A775" Value="4.6112562730108436e+01"/>
   <Alternative Name="A776" Value="3.7736040591928663e+01"/>
   <Alternative Name="A777" Value="5.2719035518111511e+01"/>
   <Alternative Name="A778" Value="4.4342488299326980e+01"/>
   <Alternative Name="A779" Value="4.7131857906740606e+01"/>
   <Alternative Name="A780" Value="3.8755307346342555e+01"/>
   <Alternative Name="A781" Value="4.6652173896169167e+01"/>
   <Alternative Name="A782" Value="3.8275613024457442e+01"/>
   <Alternative Name="A783" Value="4.1064982631871068e+01"/>
   <Alternative Name="A784" Value="3.2688451499221934e+01"/>
   <Alternative Name="A785" Value="5.1881132357777425e+01"/>
   <Alternative Name="A786" Value="4.3504585138992887e+01"/>
   <Alternative Name="A787" Value="4.6293954746406506e+01"/>
   <Alternative Name="A788" Value="3.7917404186008461e+01"/>
   <Alternative Name="A789" Value="4.5814251430052039e+01"/>
   <Alternative Name="A790" Value="3.7437690558340321e+01"/>
   <Alternative Name="A791" Value="4.0227060165753947e+01"/>
   <Alternative Name="A792" Value="3.1850509605355899e+01"/>
   <Alternative Name="A793" Value="4.6833527178935299e+01"/>
   <Alternative Name="A794" Value="3.8456985734972491e+01"/>
   <Alternative Name="A795" Value="4.1246365653699790e+01"/>
   <Alternative Name="A796" Value="3.2869804781988066e+01"/>
   <Alternative Name="A797" Value="4.0766632598282740e+01"/>
   <Alternative Name="A798" Value="3.2390120771416626e+01"/>
   <Alternative Name="A799" Value="3.5179490378830252e+01"/>
   <Alternative Name="A800" Value="2.6802943160045707e+01"/>
   <Alternative Name="A801" Value="4.7760545129174211e+01"/>
   <Alternative Name="A802" Value="3.9383997910389667e+01"/>
   <Alternative Name="A803" Value="4.2173367517803293e+01"/>
   <Alternative Name="A804" Value="3.3796816957405248e+01"/>
   <Alternative Name="A805" Value="4.1693664201448833e+01"/>
   <Alternative Name="A806" Value="3.3317103329737108e+01"/>
   <Alternative Name="A807" Value="3.6106472937150741e+01"/>
   <Alternative Name="A808" Value="2.7729961110284627e+01"/>
   <Alternative Name="A809" Value="4.2712939950332078e+01"/>
   <Alternative Name="A810" Value="3.4336428123465971e+01"/>
   <Alternative Name="A811" Value="3.7125797730879604e+01"/>
   <Alternative Name="A812" Value="2.8749217553384852e+01"/>
   <Alternative Name="A813" Value="3.6646084103211457e+01"/>
   <Alternative Name="A814" Value="2.8269533542813416e+01"/>
   <Alternative Name="A815" Value="3.1058903150227042e+01"/>
   <Alternative Name="A816" Value="2.2682355931442494e+01"/>
   <Alternative Name="A817" Value="4.1875017484214965e+01"/>
   <Alternative Name="A818" Value="3.3498505657348858e+01"/>
   <Alternative Name="A819" Value="3.6287875264762484e+01"/>
   <Alternative Name="A820" Value="2.7911314393050759e+01"/>
   <Alternative Name="A821" Value="3.5808142209345434e+01"/>
   <Alternative Name="A822" Value="2.7431630382479323e+01"/>
   <Alternative Name="A823" Value="3.0220999989892949e+01"/>
   <Alternative Name="A824" Value="2.1844452771108404e+01"/>
   <Alternative Name="A825" Value="3.6827447697291269e+01"/>
   <Alternative Name="A826" Value="2.8450886825579545e+01"/>
   <Alternative Name="A827" Value="3.1240256432993181e+01"/>
   <Alternative Name="A828" Value="2.2863758259054244e+01"/>
   <Alternative Name="A829" Value="3.0760572422421728e+01"/>
   <Alternative Name="A830" Value="2.2384005897854159e+01"/>
   <Alternative Name="A831" Value="2.5173375505267792e+01"/>
   <Alternative Name="A832" Value="1.6796863678401682e+01"/>
   <Alternative Name="A833" Value="5.7273992245781606e+01"/>
   <Alternative Name="A834" Value="4.8897431374069882e+01"/>
   <Alternative Name="A835" Value="5.1686811292797174e+01"/>
   <Alternative Name="A836" Value="4.3310264074012636e+01"/>
   <Alternative Name="A837" Value="5.1207116970912061e+01"/>
   <Alternative Name="A838" Value="4.2830580063441197e+01"/>
   <Alternative Name="A839" Value="4.5619949670854822e+01"/>
   <Alternative Name="A840" Value="3.7243388799143098e+01"/>
   <Alternative Name="A841" Value="5.2226383725325960e+01"/>
   <Alternative Name="A842" Value="4.3849875240073374e+01"/>
   <Alternative Name="A843" Value="4.6639206113955048e+01"/>
   <Alternative Name="A844" Value="3.8262694287088934e+01"/>
   <Alternative Name="A845" Value="4.6159522103383601e+01"/>
   <Alternative Name="A846" Value="3.7782999965203821e+01"/>
   <Alternative Name="A847" Value="4.0572330839085517e+01"/>
   <Alternative Name="A848" Value="3.2195799706436375e+01"/>
   <Alternative Name="A849" Value="5.1388480564991873e+01"/>
   <Alternative Name="A850" Value="4.3011972079739266e+01"/>
   <Alternative Name="A851" Value="4.5801302953620954e+01"/>
   <Alternative Name="A852" Value="3.7424791126754847e+01"/>
   <Alternative Name="A853" Value="4.5321599637266488e+01"/>
   <Alternative Name="A854" Value="3.6945077499086715e+01"/>
   <Alternative Name="A855" Value="3.9734408372968389e+01"/>
   <Alternative Name="A856" Value="3.1357896546102278e+01"/>
   <Alternative Name="A857" Value="4.6340914119681685e+01"/>
   <Alternative Name="A858" Value="3.7964333942186940e+01"/>
   <Alternative Name="A859" Value="4.0753713860914232e+01"/>
   <Alternative Name="A860" Value="3.2377152989202507e+01"/>
   <Alternative Name="A861" Value="4.0274019539029119e+01"/>
   <Alternative Name="A862" Value="3.1897468978631068e+01"/>
   <Alternative Name="A863" Value="3.4686838586044701e+01"/>
   <Alternative Name="A864" Value="2.6310291367260149e+01"/>
   <Alternative Name="A865" Value="4.7267893336388653e+01"/>
   <Alternative Name="A866" Value="3.8891384851136060e+01"/>
   <Alternative Name="A867" Value="4.1680715725017748e+01"/>
   <Alternative Name="A868" Value="3.3304203898151634e+01"/>
   <Alternative Name="A869" Value="4.1201012408663267e+01"/>
   <Alternative Name="A870" Value="3.2824490270483501e+01"/>
   <Alternative Name="A871" Value="3.5613821144365183e+01"/>
   <Alternative Name="A872" Value="2.7237309317499072e+01"/>
   <Alternative Name="A873" Value="4.2220326891078471e+01"/>
   <Alternative Name="A874" Value="3.3843776330680420e+01"/>
   <Alternative Name="A875" Value="3.6633145938094046e+01"/>
   <Alternative Name="A876" Value="2.8256565760599301e+01"/>
   <Alternative Name="A877" Value="3.6153432310425906e+01"/>
   <Alternative Name="A878" Value="2.7776881750027862e+01"/>
   <Alternative Name="A879" Value="3.0566251357441480e+01"/>
   <Alternative Name="A880" Value="2.2189742872188880e+01"/>
   <Alternative Name="A881" Value="4.1382404424961351e+01"/>
   <Alternative Name="A882" Value="3.3005853864563299e+01"/>
   <Alternative Name="A883" Value="3.5795223471976932e+01"/>
   <Alternative Name="A884" Value="2.7418662600265208e+01"/>
   <Alternative Name="A885" Value="3.5315529150091820e+01"/>
   <Alternative Name="A886" Value="2.6938978589693761e+01"/>
   <Alternative Name="A887" Value="2.9728348197107394e+01"/>
   <Alternative Name="A888" Value="2.1351800978322846e+01"/>
   <Alternative Name="A889" Value="3.6334795904505711e+01"/>
   <Alternative Name="A890" Value="2.7958273766325934e+01"/>
   <Alternative Name="A891" Value="3.0747643373739564e+01"/>
   <Alternative Name="A892" Value="2.2371106466268689e+01"/>
   <Alternative Name="A893" Value="3.0267920629636173e+01"/>
   <Alternative Name="A894" Value="2.1891392838600549e+01"/>
   <Alternative Name="A895" Value="2.4680762446014178e+01"/>
   <Alternative Name="A896" Value="1.6304211885616127e+01"/>
   <Alternative Name="A897" Value="4.1462411415863279e+01"/>
   <Alternative Name="A898" Value="3.3085881592552980e+01"/>
   <Alternative Name="A899" Value="3.5875212466434668e+01"/>
   <Alternative Name="A900" Value="2.7498703981182071e+01"/>
   <Alternative Name="A901" Value="3.5395536140993741e+01"/>
   <Alternative Name="A902" Value="2.7019019970610618e+01"/>
   <Alternative Name="A903" Value="2.9808331538709286e+01"/>
   <Alternative Name="A904" Value="2.1431809400529509e+01"/>
   <Alternative Name="A905" Value="3.6414841628939584e+01"/>
   <Alternative Name="A906" Value="2.8038276413710850e+01"/>
   <Alternative Name="A907" Value="3.0827646021124483e+01"/>
   <Alternative Name="A908" Value="2.2451095460726432e+01"/>
   <Alternative Name="A909" Value="3.0347960701214202e+01"/>
   <Alternative Name="A910" Value="2.1971381833058292e+01"/>
   <Alternative Name="A911" Value="2.4760751440471918e+01"/>
   <Alternative Name="A912" Value="1.6384200880073866e+01"/>
   <Alternative Name="A913" Value="3.5576919162822463e+01"/>
   <Alternative Name="A914" Value="2.7200353947593733e+01"/>
   <Alternative Name="A915" Value="2.9989723555007359e+01"/>
   <Alternative Name="A916" Value="2.1613172994609315e+01"/>
   <Alternative Name="A917" Value="2.9510057540880101e+01"/>
   <Alternative Name="A918" Value="2.1133478672724195e+01"/>
   <Alternative Name="A919" Value="2.3922858591451490e+01"/>
   <Alternative Name="A920" Value="1.5546297719739773e+01"/>
   <Alternative Name="A921" Value="3.0529313983980334e+01"/>
   <Alternative Name="A922" Value="2.2152784160670034e+01"/>
   <Alternative Name="A923" Value="2.4942115034551723e+01"/>
   <Alternative Name="A924" Value="1.6565592896371946e+01"/>
   <Alternative Name="A925" Value="2.4462438709110799e+01"/>
   <Alternative Name="A926" Value="1.6085908885800499e+01"/>
   <Alternative Name="A927" Value="1.8875278493214129e+01"/>
   <Alternative Name="A928" Value="1.0498711968646559e+01"/>
   <Alternative Name="A929" Value="3.1456351240002277e+01"/>
   <Alternative Name="A930" Value="2.3079786024773547e+01"/>
   <Alternative Name="A931" Value="2.5869136326404146e+01"/>
   <Alternative Name="A932" Value="1.7492585766006094e+01"/>
   <Alternative Name="A933" Value="2.5389470312276895e+01"/>
   <Alternative Name="A934" Value="1.7012891444120982e+01"/>
   <Alternative Name="A935" Value="1.9802271362848280e+01"/>
   <Alternative Name="A936" Value="1.1425710491136561e+01"/>
   <Alternative Name="A937" Value="2.6408726755377121e+01"/>
   <Alternative Name="A938" Value="1.8032196932066821e+01"/>
   <Alternative Name="A939" Value="2.0821566539480454e+01"/>
   <Alternative Name="A940" Value="1.2445005667768735e+01"/>
   <Alternative Name="A941" Value="2.0341851480507586e+01"/>
   <Alternative Name="A942" Value="1.1965321657197288e+01"/>
   <Alternative Name="A943" Value="1.4754691264610916e+01"/>
   <Alternative Name="A944" Value="6.3781440458263736e+00"/>
   <Alternative Name="A945" Value="2.5570823595043027e+01"/>
   <Alternative Name="A946" Value="1.7194293771732731e+01"/>
   <Alternative Name="A947" Value="1.9983624645614416e+01"/>
   <Alternative Name="A948" Value="1.1607102507434641e+01"/>
   <Alternative Name="A949" Value="1.9503958631487162e+01"/>
   <Alternative Name="A950" Value="1.1127399191080169e+01"/>
   <Alternative Name="A951" Value="1.3916768798493797e+01"/>
   <Alternative Name="A952" Value="5.5402267353660886e+00"/>
   <Alternative Name="A953" Value="2.0523253808119332e+01"/>
   <Alternative Name="A954" Value="1.2146674939963425e+01"/>
   <Alternative Name="A955" Value="1.4936044547377051e+01"/>
   <Alternative Name="A956" Value="6.5595367205466069e+00"/>
   <Alternative Name="A957" Value="1.4456359227466772e+01"/>
   <Alternative Name="A958" Value="6.0797940122380369e+00"/>
   <Alternative Name="A959" Value="8.8691739309653315e+00"/>
   <Alternative Name="A960" Value="4.9265179278556220e-01"/>
   <Alternative Name="A961" Value="4.0969759623077728e+01"/>
   <Alternative Name="A962" Value="3.2593229799767428e+01"/>
   <Alternative Name="A963" Value="3.5382599407181054e+01"/>
   <Alternative Name="A964" Value="2.7006052188396509e+01"/>
   <Alternative Name="A965" Value="3.4902923081740127e+01"/>
   <Alternative Name="A966" Value="2.6526368177825063e+01"/>
   <Alternative Name="A967" Value="2.9315718479455672e+01"/>
   <Alternative Name="A968" Value="2.0939157607743955e+01"/>
   <Alternative Name="A969" Value="3.5922189836154025e+01"/>
   <Alternative Name="A970" Value="2.7545663354457240e+01"/>
   <Alternative Name="A971" Value="3.0334994228338921e+01"/>
   <Alternative Name="A972" Value="2.1958482401472814e+01"/>
   <Alternative Name="A973" Value="2.9855308908428640e+01"/>
   <Alternative Name="A974" Value="2.1478768773804674e+01"/>
   <Alternative Name="A975" Value="2.4268099647686359e+01"/>
   <Alternative Name="A976" Value="1.5891587820820252e+01"/>
   <Alternative Name="A977" Value="3.5084267370036905e+01"/>
   <Alternative Name="A978" Value="2.6707702154808171e+01"/>
   <Alternative Name="A979" Value="2.9497071762221804e+01"/>
   <Alternative Name="A980" Value="2.1120559935355697e+01"/>
   <Alternative Name="A981" Value="2.9017405748094554e+01"/>
   <Alternative Name="A982" Value="2.0640865613470584e+01"/>
   <Alternative Name="A983" Value="2.3430206798665935e+01"/>
   <Alternative Name="A984" Value="1.5053684660486159e+01"/>
   <Alternative Name="A985" Value="3.0036700924726723e+01"/>
   <Alternative Name="A986" Value="2.1660132367884479e+01"/>
   <Alternative Name="A987" Value="2.4449501975298109e+01"/>
   <Alternative Name="A988" Value="1.6072941103586391e+01"/>
   <Alternative Name="A989" Value="2.3969825649857185e+01"/>
   <Alternative Name="A990" Value="1.5593257093014943e+01"/>
   <Alternative Name="A991" Value="1.8382626700428567e+01"/>
   <Alternative Name="A992" Value="1.0006060175861002e+01"/>
   <Alternative Name="A993" Value="3.0963699447216719e+01"/>
   <Alternative Name="A994" Value="2.2587172965519937e+01"/>
   <Alternative Name="A995" Value="2.5376484533618591e+01"/>
   <Alternative Name="A996" Value="1.6999972706752484e+01"/>
   <Alternative Name="A997" Value="2.4896818519491333e+01"/>
   <Alternative Name="A998" Value="1.6520278384867371e+01"/>
   <Alternative Name="A999" Value="1.9309619570062722e+01"/>
   <Alternative Name="A1000" Value="1.0933097431882947e+01"/>
   <Alternative Name="A1001" Value="2.5916113696123510e+01"/>
   <Alternative Name="A1002" Value="1.7539545139281262e+01"/>
   <Alternative Name="A1003" Value="2.0328914746694892e+01"/>
   <Alternative Name="A1004" Value="1.1952353874983176e+01"/>
   <Alternative Name="A1005" Value="1.9849238421253968e+01"/>
   <Alternative Name="A1006" Value="1.1472669864411733e+01"/>
   <Alternative Name="A1007" Value="1.4262039471825359e+01"/>
   <Alternative Name="A1008" Value="5.8854922530408160e+00"/>
   <Alternative Name="A1009" Value="2.5078210535789417e+01"/>
   <Alternative Name="A1010" Value="1.6701641978947176e+01"/>
   <Alternative Name="A1011" Value="1.9491011586360802e+01"/>
   <Alternative Name="A1012" Value="1.1114450714649085e+01"/>
   <Alternative Name="A1013" Value="1.9011345572233548e+01"/>
   <Alternative Name="A1014" Value="1.0634747398294614e+01"/>
   <Alternative Name="A1015" Value="1.3424117005708242e+01"/>
   <Alternative Name="A1016" Value="5.0475749425805319e+00"/>
   <Alternative Name="A1017" Value="2.0030602015333777e+01"/>
   <Alternative Name="A1018" Value="1.1654061880709811e+01"/>
   <Alternative Name="A1019" Value="1.4443392754591494e+01"/>
   <Alternative Name="A1020" Value="6.0668849277610502e+00"/>
   <Alternative Name="A1021" Value="1.3963707434681217e+01"/>
   <Alternative Name="A1022" Value="5.5871809529844239e+00"/>
   <Alternative Name="A1023" Value="8.3765608717117193e+00"/>
   <Alternative Name="A1024" Value="5.6570412402836467e-15"/>
   <Alternative Name="A1025" Value="0.0000000000000000e+00"/>
   <Alternative Name="A1026" Value="1.0000000000000000e+02"/>
</Solution>